<?xml version="1.0" encoding="UTF-8"?>
<!-- 
Configuration后面的status，这个用于设置log4j2自身内部的信息输出，可以不设置，当设置成trace时，
 你会看到log4j2内部各种详细输出。可以设置成OFF(关闭)或Error(只输出错误信息)
-->
<Configuration status="Error">
    <!-- 日志文件目录和压缩文件目录配置 -->
    <Properties>
        <Property name="appName">oim-server</Property>
        <Property name="logPath">logs</Property>
        <Property name="fileGz">logs/7z</Property>
        <Property name="consolePattern">
            %highlight{%d{yyyy-MM-dd HH:mm:ss.SSS} [%t] %-5level %logger{36} : %msg%n}{%throwable{short.fileName}}{FATAL=white, ERROR=red, WARN=blue, INFO=black, DEBUG=green, TRACE=blue}
        </Property>
        <Property name="filePattern">${consolePattern}</Property>
    </Properties>
    <Appenders>
        <!-- 控制台输出 -->
        <Console name="consoleOut" target="SYSTEM_OUT">
            <!--控制台只输出level及以上级别的信息（onMatch），其他的直接拒绝（onMismatch）-->
            <ThresholdFilter level="debug" onMatch="ACCEPT" onMismatch="DENY"/>
            <PatternLayout>
                <pattern>${consolePattern}</pattern>
            </PatternLayout>
        </Console>
        <!-- 滚动记录到文件中 -->
        <!-- 打印出所有的信息，每次大小超过size，则这size大小的日志会自动存入按年份-月份建立的文件夹下面并进行压缩，作为存档 -->
        <RollingRandomAccessFile 
            name="fileOut"
            fileName="${logPath}/${appName}.log"
            immediateFlush="false"
            filePattern="${logPath}/$${date:yyyy-MM}/${appName}-%d{yyyy-MM-dd-HH}-%i.gz">
            <PatternLayout>
                <pattern>${filePattern}</pattern>
            </PatternLayout>
            <Policies>
                <TimeBasedTriggeringPolicy interval="6" modulate="true" />
                <SizeBasedTriggeringPolicy size="50 MB"/>
            </Policies>
            <Filters>
                <!-- 只记录error、warn、info级别信息 -->
                <ThresholdFilter level="error" onMatch="ACCEPT" onMismatch="DENY" />
                <ThresholdFilter level="warn" onMatch="ACCEPT" onMismatch="DENY" />
                <ThresholdFilter level="info" onMatch="ACCEPT" onMismatch="DENY" />
            </Filters>
            <!-- 指定每天的最大压缩包个数，默认7个，超过了会覆盖之前的 -->
            <DefaultRolloverStrategy max="50"/>
        </RollingRandomAccessFile>
    </Appenders>
    <!-- 全局配置，默认所有的Logger都继承此配置 -->
    <Loggers>
        <!-- AsyncRoot - 异步记录日志 - 需要LMAX Disruptor的支持 -->
        <AsyncRoot level="error" additivity="false">
            <AppenderRef ref="consoleOut" />
            <AppenderRef ref="fileOut" />
        </AsyncRoot>
        <AsyncLogger name="com.oimchat" level="error" additivity="false">
            <AppenderRef ref="consoleOut" />
            <AppenderRef ref="fileOut" />
        </AsyncLogger>
    </Loggers>
</Configuration>